Workbook

Sheet Instructions
B2: Configured MBOM input template
B3: One workbook per configured product. Built by the Configured MBOM Builder (preview first, then build).
B5: How it is used | C5: Ask Claude to preview the workbook. The preview lists exactly what will be created and any problems. Build only when the preview is clean.
B6: Yellow cells | C6: Input. Grey cells are calculated; do not type in them.
B7: Model tab | C7: Model version title and revision, the item the model is attached to (usually the top item), the configured item (whose direct children vary), the variant name, and one row per variant value. Row 12 is the first X column (L) on the Structure tab, row 13 the second (M), and so on.
B8: Structure tab | C8: One row per BOM line, top-down. Level 0 is the top item. A line's parent is the closest row above it with a lower level.
B9: Title / Part number | C9: Title is what the Manufacturing Item is called in 3DEXPERIENCE. Part number is for reference (often the same).
B10: Type | C10: CreateAssembly for anything with children, Provide for purchased or leaf parts.
B11: Qty | C11: Whole units. Quantities above 1 become that many instances. For consumables use 1 and write 'As required' in Qty note.
B12: Item source | C12: New creates the item. Existing reuses an item already in 3DEXPERIENCE: put its physical ID in Existing ID.
B13: Variant X columns | C13: Only on direct children of the configured item. X under every value the line belongs to. X in every column means a common part (no effectivity).
B14: Effectivity / Check | C14: Effectivity shows what will be applied (ALL, or the values). Check must say OK on every row.
B15: Rerunning | C15: A model version title that already exists stops the build, so a workbook cannot be built twice by accident. Change the title to build again.
B17: Legend
B18: Input
B19: Calculated

Sheet Model
A1: Model and variants
A3: Model version title | B3: CMB Mini Test | C3: Portfolio model version to create. Must not exist yet.
A4: Model version revision | B4: A
A5: Attach model to item | B5: CMB-TEST-TOP | C5: Title of the item the model is attached to (usually the level-0 item). Every assembly down to the configured item gets it too.
A6: Configured item | B6: CMB-TEST-ASM | C6: Title of the item whose direct children carry variant effectivity.
A7: Variant name | B7: Test Option | C7: Portfolio variant to create.
A8: Configured item level | B8: =IFERROR(INDEX(Structure!$B:$B,MATCH($B$6,Structure!$D:$D,0)),"not found") -> 1
A10: Variant values
A11: X column | B11: Value (short name) | C11: Full part number | D11: Description
A12: Structure column L | B12: A | D12: Option A
A13: Structure column M | B13: B | D13: Option B
A14: Structure column N
A15: Structure column O
A16: Structure column P
A17: Structure column Q
A19: Summary
A20: Value | B20: Lines in this variant | C20: Of which variant-specific
A21: =IF($B$12="","",$B$12) -> A | B21: =IF($B$12="","",COUNTIF(Structure!$R:$R,"ALL")+COUNTIFS(Structure!$L:$L,"X",Structure!$R:$R,"<>ALL")) -> 2 | C21: =IF($B$12="","",COUNTIFS(Structure!$L:$L,"X",Structure!$R:$R,"<>ALL")) -> 1
A22: =IF($B$13="","",$B$13) -> B | B22: =IF($B$13="","",COUNTIF(Structure!$R:$R,"ALL")+COUNTIFS(Structure!$M:$M,"X",Structure!$R:$R,"<>ALL")) -> 2 | C22: =IF($B$13="","",COUNTIFS(Structure!$M:$M,"X",Structure!$R:$R,"<>ALL")) -> 1
A23: =IF($B$14="","",$B$14) | B23: =IF($B$14="","",COUNTIF(Structure!$R:$R,"ALL")+COUNTIFS(Structure!$N:$N,"X",Structure!$R:$R,"<>ALL")) | C23: =IF($B$14="","",COUNTIFS(Structure!$N:$N,"X",Structure!$R:$R,"<>ALL"))
A24: =IF($B$15="","",$B$15) | B24: =IF($B$15="","",COUNTIF(Structure!$R:$R,"ALL")+COUNTIFS(Structure!$O:$O,"X",Structure!$R:$R,"<>ALL")) | C24: =IF($B$15="","",COUNTIFS(Structure!$O:$O,"X",Structure!$R:$R,"<>ALL"))
A25: =IF($B$16="","",$B$16) | B25: =IF($B$16="","",COUNTIF(Structure!$R:$R,"ALL")+COUNTIFS(Structure!$P:$P,"X",Structure!$R:$R,"<>ALL")) | C25: =IF($B$16="","",COUNTIFS(Structure!$P:$P,"X",Structure!$R:$R,"<>ALL"))
A26: =IF($B$17="","",$B$17) | B26: =IF($B$17="","",COUNTIF(Structure!$R:$R,"ALL")+COUNTIFS(Structure!$Q:$Q,"X",Structure!$R:$R,"<>ALL")) | C26: =IF($B$17="","",COUNTIFS(Structure!$Q:$Q,"X",Structure!$R:$R,"<>ALL"))
A28: Common lines (in every variant) | B28: =COUNTIF(Structure!$R:$R,"ALL") -> 1
A29: Rows with a problem | B29: =COUNTIFS(Structure!$S$5:$S$300,"?*",Structure!$S$5:$S$300,"<>OK") -> 0 | C29: Must be 0 before building.

Sheet Structure
A1: MBOM structure
A2: One row per line, top-down. X marks only on direct children of the configured item (see Model tab).
L3: Variant values (X)
A4: Line | B4: Level | C4: Part number | D4: Title | E4: Description | F4: Type | G4: UOM | H4: Qty | I4: Qty note | J4: Item source | K4: Existing ID | L4: =IF(Model!$B$12="","",Model!$B$12) -> A | M4: =IF(Model!$B$13="","",Model!$B$13) -> B | N4: =IF(Model!$B$14="","",Model!$B$14) | O4: =IF(Model!$B$15="","",Model!$B$15) | P4: =IF(Model!$B$16="","",Model!$B$16) | Q4: =IF(Model!$B$17="","",Model!$B$17) | R4: Effectivity | S4: Check
A5: 1 | B5: 0 | D5: CMB-TEST-TOP | E5: Configured MBOM Builder test top | F5: CreateAssembly | G5: Each | J5: New | R5: =IF(B5="","",IF(COUNTIF(L5:Q5,"X")=0,"",IF(COUNTIF(L5:Q5,"X")=COUNTA(Model!$B$12:$B$17),"ALL",_xlfn.TEXTJOIN(", ",TRUE(),IF(L5="X",L$4,""),IF(M5="X",M$4,""),IF(N5="X",N$4,""),IF(O5="X",O$4,""),IF(P5="X",P$4,""),IF(Q5="X",Q$4,""))))) | S5: =IF(B5="","",IF(FALSE(),"Level skips a step",IF(AND(B5>0,OR(H5="",H5<=0)),"Qty missing or 0",IF(AND(J5="Existing",K5=""),"Existing ID missing",IF(AND(B5=Model!$B$8+1,COUNTIF(L5:Q5,"X")=0),"Not in any variant",IF(AND(NOT(B5=Model!$B$8+1),COUNTIF(L5:Q5,"X")>0),"X outside configured item","OK")))))) -> OK
A6: 2 | B6: 1 | D6: CMB-TEST-ASM | E6: Configured sub-assembly | F6: CreateAssembly | G6: Each | H6: 1 | J6: New | R6: =IF(B6="","",IF(COUNTIF(L6:Q6,"X")=0,"",IF(COUNTIF(L6:Q6,"X")=COUNTA(Model!$B$12:$B$17),"ALL",_xlfn.TEXTJOIN(", ",TRUE(),IF(L6="X",L$4,""),IF(M6="X",M$4,""),IF(N6="X",N$4,""),IF(O6="X",O$4,""),IF(P6="X",P$4,""),IF(Q6="X",Q$4,""))))) | S6: =IF(B6="","",IF(B6>B5+1,"Level skips a step",IF(AND(B6>0,OR(H6="",H6<=0)),"Qty missing or 0",IF(AND(J6="Existing",K6=""),"Existing ID missing",IF(AND(B6=Model!$B$8+1,COUNTIF(L6:Q6,"X")=0),"Not in any variant",IF(AND(NOT(B6=Model!$B$8+1),COUNTIF(L6:Q6,"X")>0),"X outside configured item","OK")))))) -> OK
A7: 3 | B7: 2 | D7: CMB-TEST-COMMON | E7: Common part | F7: Provide | G7: Each | H7: 2 | J7: New | L7: X | M7: X | R7: =IF(B7="","",IF(COUNTIF(L7:Q7,"X")=0,"",IF(COUNTIF(L7:Q7,"X")=COUNTA(Model!$B$12:$B$17),"ALL",_xlfn.TEXTJOIN(", ",TRUE(),IF(L7="X",L$4,""),IF(M7="X",M$4,""),IF(N7="X",N$4,""),IF(O7="X",O$4,""),IF(P7="X",P$4,""),IF(Q7="X",Q$4,""))))) -> ALL | S7: =IF(B7="","",IF(B7>B6+1,"Level skips a step",IF(AND(B7>0,OR(H7="",H7<=0)),"Qty missing or 0",IF(AND(J7="Existing",K7=""),"Existing ID missing",IF(AND(B7=Model!$B$8+1,COUNTIF(L7:Q7,"X")=0),"Not in any variant",IF(AND(NOT(B7=Model!$B$8+1),COUNTIF(L7:Q7,"X")>0),"X outside configured item","OK")))))) -> OK
A8: 4 | B8: 2 | D8: CMB-TEST-A | E8: Only in A | F8: Provide | G8: Each | H8: 1 | J8: New | L8: X | R8: =IF(B8="","",IF(COUNTIF(L8:Q8,"X")=0,"",IF(COUNTIF(L8:Q8,"X")=COUNTA(Model!$B$12:$B$17),"ALL",_xlfn.TEXTJOIN(", ",TRUE(),IF(L8="X",L$4,""),IF(M8="X",M$4,""),IF(N8="X",N$4,""),IF(O8="X",O$4,""),IF(P8="X",P$4,""),IF(Q8="X",Q$4,""))))) -> A | S8: =IF(B8="","",IF(B8>B7+1,"Level skips a step",IF(AND(B8>0,OR(H8="",H8<=0)),"Qty missing or 0",IF(AND(J8="Existing",K8=""),"Existing ID missing",IF(AND(B8=Model!$B$8+1,COUNTIF(L8:Q8,"X")=0),"Not in any variant",IF(AND(NOT(B8=Model!$B$8+1),COUNTIF(L8:Q8,"X")>0),"X outside configured item","OK")))))) -> OK
A9: 5 | B9: 2 | D9: CMB-TEST-B | E9: Only in B | F9: Provide | G9: Each | H9: 1 | J9: New | M9: X | R9: =IF(B9="","",IF(COUNTIF(L9:Q9,"X")=0,"",IF(COUNTIF(L9:Q9,"X")=COUNTA(Model!$B$12:$B$17),"ALL",_xlfn.TEXTJOIN(", ",TRUE(),IF(L9="X",L$4,""),IF(M9="X",M$4,""),IF(N9="X",N$4,""),IF(O9="X",O$4,""),IF(P9="X",P$4,""),IF(Q9="X",Q$4,""))))) -> B | S9: =IF(B9="","",IF(B9>B8+1,"Level skips a step",IF(AND(B9>0,OR(H9="",H9<=0)),"Qty missing or 0",IF(AND(J9="Existing",K9=""),"Existing ID missing",IF(AND(B9=Model!$B$8+1,COUNTIF(L9:Q9,"X")=0),"Not in any variant",IF(AND(NOT(B9=Model!$B$8+1),COUNTIF(L9:Q9,"X")>0),"X outside configured item","OK")))))) -> OK
A10: =IF(B10="","",ROW()-4) | R10: =IF(B10="","",IF(COUNTIF(L10:Q10,"X")=0,"",IF(COUNTIF(L10:Q10,"X")=COUNTA(Model!$B$12:$B$17),"ALL",_xlfn.TEXTJOIN(", ",TRUE(),IF(L10="X",L$4,""),IF(M10="X",M$4,""),IF(N10="X",N$4,""),IF(O10="X",O$4,""),IF(P10="X",P$4,""),IF(Q10="X",Q$4,""))))) | S10: =IF(B10="","",IF(B10>B9+1,"Level skips a step",IF(AND(B10>0,OR(H10="",H10<=0)),"Qty missing or 0",IF(AND(J10="Existing",K10=""),"Existing ID missing",IF(AND(B10=Model!$B$8+1,COUNTIF(L10:Q10,"X")=0),"Not in any variant",IF(AND(NOT(B10=Model!$B$8+1),COUNTIF(L10:Q10,"X")>0),"X outside configured item","OK"))))))
A11: =IF(B11="","",ROW()-4) | R11: =IF(B11="","",IF(COUNTIF(L11:Q11,"X")=0,"",IF(COUNTIF(L11:Q11,"X")=COUNTA(Model!$B$12:$B$17),"ALL",_xlfn.TEXTJOIN(", ",TRUE(),IF(L11="X",L$4,""),IF(M11="X",M$4,""),IF(N11="X",N$4,""),IF(O11="X",O$4,""),IF(P11="X",P$4,""),IF(Q11="X",Q$4,""))))) | S11: =IF(B11="","",IF(B11>B10+1,"Level skips a step",IF(AND(B11>0,OR(H11="",H11<=0)),"Qty missing or 0",IF(AND(J11="Existing",K11=""),"Existing ID missing",IF(AND(B11=Model!$B$8+1,COUNTIF(L11:Q11,"X")=0),"Not in any variant",IF(AND(NOT(B11=Model!$B$8+1),COUNTIF(L11:Q11,"X")>0),"X outside configured item","OK"))))))
A12: =IF(B12="","",ROW()-4) | R12: =IF(B12="","",IF(COUNTIF(L12:Q12,"X")=0,"",IF(COUNTIF(L12:Q12,"X")=COUNTA(Model!$B$12:$B$17),"ALL",_xlfn.TEXTJOIN(", ",TRUE(),IF(L12="X",L$4,""),IF(M12="X",M$4,""),IF(N12="X",N$4,""),IF(O12="X",O$4,""),IF(P12="X",P$4,""),IF(Q12="X",Q$4,""))))) | S12: =IF(B12="","",IF(B12>B11+1,"Level skips a step",IF(AND(B12>0,OR(H12="",H12<=0)),"Qty missing or 0",IF(AND(J12="Existing",K12=""),"Existing ID missing",IF(AND(B12=Model!$B$8+1,COUNTIF(L12:Q12,"X")=0),"Not in any variant",IF(AND(NOT(B12=Model!$B$8+1),COUNTIF(L12:Q12,"X")>0),"X outside configured item","OK"))))))
A13: =IF(B13="","",ROW()-4) | R13: =IF(B13="","",IF(COUNTIF(L13:Q13,"X")=0,"",IF(COUNTIF(L13:Q13,"X")=COUNTA(Model!$B$12:$B$17),"ALL",_xlfn.TEXTJOIN(", ",TRUE(),IF(L13="X",L$4,""),IF(M13="X",M$4,""),IF(N13="X",N$4,""),IF(O13="X",O$4,""),IF(P13="X",P$4,""),IF(Q13="X",Q$4,""))))) | S13: =IF(B13="","",IF(B13>B12+1,"Level skips a step",IF(AND(B13>0,OR(H13="",H13<=0)),"Qty missing or 0",IF(AND(J13="Existing",K13=""),"Existing ID missing",IF(AND(B13=Model!$B$8+1,COUNTIF(L13:Q13,"X")=0),"Not in any variant",IF(AND(NOT(B13=Model!$B$8+1),COUNTIF(L13:Q13,"X")>0),"X outside configured item","OK"))))))
A14: =IF(B14="","",ROW()-4) | R14: =IF(B14="","",IF(COUNTIF(L14:Q14,"X")=0,"",IF(COUNTIF(L14:Q14,"X")=COUNTA(Model!$B$12:$B$17),"ALL",_xlfn.TEXTJOIN(", ",TRUE(),IF(L14="X",L$4,""),IF(M14="X",M$4,""),IF(N14="X",N$4,""),IF(O14="X",O$4,""),IF(P14="X",P$4,""),IF(Q14="X",Q$4,""))))) | S14: =IF(B14="","",IF(B14>B13+1,"Level skips a step",IF(AND(B14>0,OR(H14="",H14<=0)),"Qty missing or 0",IF(AND(J14="Existing",K14=""),"Existing ID missing",IF(AND(B14=Model!$B$8+1,COUNTIF(L14:Q14,"X")=0),"Not in any variant",IF(AND(NOT(B14=Model!$B$8+1),COUNTIF(L14:Q14,"X")>0),"X outside configured item","OK"))))))
A15: =IF(B15="","",ROW()-4) | R15: =IF(B15="","",IF(COUNTIF(L15:Q15,"X")=0,"",IF(COUNTIF(L15:Q15,"X")=COUNTA(Model!$B$12:$B$17),"ALL",_xlfn.TEXTJOIN(", ",TRUE(),IF(L15="X",L$4,""),IF(M15="X",M$4,""),IF(N15="X",N$4,""),IF(O15="X",O$4,""),IF(P15="X",P$4,""),IF(Q15="X",Q$4,""))))) | S15: =IF(B15="","",IF(B15>B14+1,"Level skips a step",IF(AND(B15>0,OR(H15="",H15<=0)),"Qty missing or 0",IF(AND(J15="Existing",K15=""),"Existing ID missing",IF(AND(B15=Model!$B$8+1,COUNTIF(L15:Q15,"X")=0),"Not in any variant",IF(AND(NOT(B15=Model!$B$8+1),COUNTIF(L15:Q15,"X")>0),"X outside configured item","OK"))))))
A16: =IF(B16="","",ROW()-4) | R16: =IF(B16="","",IF(COUNTIF(L16:Q16,"X")=0,"",IF(COUNTIF(L16:Q16,"X")=COUNTA(Model!$B$12:$B$17),"ALL",_xlfn.TEXTJOIN(", ",TRUE(),IF(L16="X",L$4,""),IF(M16="X",M$4,""),IF(N16="X",N$4,""),IF(O16="X",O$4,""),IF(P16="X",P$4,""),IF(Q16="X",Q$4,""))))) | S16: =IF(B16="","",IF(B16>B15+1,"Level skips a step",IF(AND(B16>0,OR(H16="",H16<=0)),"Qty missing or 0",IF(AND(J16="Existing",K16=""),"Existing ID missing",IF(AND(B16=Model!$B$8+1,COUNTIF(L16:Q16,"X")=0),"Not in any variant",IF(AND(NOT(B16=Model!$B$8+1),COUNTIF(L16:Q16,"X")>0),"X outside configured item","OK"))))))
A17: =IF(B17="","",ROW()-4) | R17: =IF(B17="","",IF(COUNTIF(L17:Q17,"X")=0,"",IF(COUNTIF(L17:Q17,"X")=COUNTA(Model!$B$12:$B$17),"ALL",_xlfn.TEXTJOIN(", ",TRUE(),IF(L17="X",L$4,""),IF(M17="X",M$4,""),IF(N17="X",N$4,""),IF(O17="X",O$4,""),IF(P17="X",P$4,""),IF(Q17="X",Q$4,""))))) | S17: =IF(B17="","",IF(B17>B16+1,"Level skips a step",IF(AND(B17>0,OR(H17="",H17<=0)),"Qty missing or 0",IF(AND(J17="Existing",K17=""),"Existing ID missing",IF(AND(B17=Model!$B$8+1,COUNTIF(L17:Q17,"X")=0),"Not in any variant",IF(AND(NOT(B17=Model!$B$8+1),COUNTIF(L17:Q17,"X")>0),"X outside configured item","OK"))))))
A18: =IF(B18="","",ROW()-4) | R18: =IF(B18="","",IF(COUNTIF(L18:Q18,"X")=0,"",IF(COUNTIF(L18:Q18,"X")=COUNTA(Model!$B$12:$B$17),"ALL",_xlfn.TEXTJOIN(", ",TRUE(),IF(L18="X",L$4,""),IF(M18="X",M$4,""),IF(N18="X",N$4,""),IF(O18="X",O$4,""),IF(P18="X",P$4,""),IF(Q18="X",Q$4,""))))) | S18: =IF(B18="","",IF(B18>B17+1,"Level skips a step",IF(AND(B18>0,OR(H18="",H18<=0)),"Qty missing or 0",IF(AND(J18="Existing",K18=""),"Existing ID missing",IF(AND(B18=Model!$B$8+1,COUNTIF(L18:Q18,"X")=0),"Not in any variant",IF(AND(NOT(B18=Model!$B$8+1),COUNTIF(L18:Q18,"X")>0),"X outside configured item","OK"))))))
A19: =IF(B19="","",ROW()-4) | R19: =IF(B19="","",IF(COUNTIF(L19:Q19,"X")=0,"",IF(COUNTIF(L19:Q19,"X")=COUNTA(Model!$B$12:$B$17),"ALL",_xlfn.TEXTJOIN(", ",TRUE(),IF(L19="X",L$4,""),IF(M19="X",M$4,""),IF(N19="X",N$4,""),IF(O19="X",O$4,""),IF(P19="X",P$4,""),IF(Q19="X",Q$4,""))))) | S19: =IF(B19="","",IF(B19>B18+1,"Level skips a step",IF(AND(B19>0,OR(H19="",H19<=0)),"Qty missing or 0",IF(AND(J19="Existing",K19=""),"Existing ID missing",IF(AND(B19=Model!$B$8+1,COUNTIF(L19:Q19,"X")=0),"Not in any variant",IF(AND(NOT(B19=Model!$B$8+1),COUNTIF(L19:Q19,"X")>0),"X outside configured item","OK"))))))
A20: =IF(B20="","",ROW()-4) | R20: =IF(B20="","",IF(COUNTIF(L20:Q20,"X")=0,"",IF(COUNTIF(L20:Q20,"X")=COUNTA(Model!$B$12:$B$17),"ALL",_xlfn.TEXTJOIN(", ",TRUE(),IF(L20="X",L$4,""),IF(M20="X",M$4,""),IF(N20="X",N$4,""),IF(O20="X",O$4,""),IF(P20="X",P$4,""),IF(Q20="X",Q$4,""))))) | S20: =IF(B20="","",IF(B20>B19+1,"Level skips a step",IF(AND(B20>0,OR(H20="",H20<=0)),"Qty missing or 0",IF(AND(J20="Existing",K20=""),"Existing ID missing",IF(AND(B20=Model!$B$8+1,COUNTIF(L20:Q20,"X")=0),"Not in any variant",IF(AND(NOT(B20=Model!$B$8+1),COUNTIF(L20:Q20,"X")>0),"X outside configured item","OK"))))))
A21: =IF(B21="","",ROW()-4) | R21: =IF(B21="","",IF(COUNTIF(L21:Q21,"X")=0,"",IF(COUNTIF(L21:Q21,"X")=COUNTA(Model!$B$12:$B$17),"ALL",_xlfn.TEXTJOIN(", ",TRUE(),IF(L21="X",L$4,""),IF(M21="X",M$4,""),IF(N21="X",N$4,""),IF(O21="X",O$4,""),IF(P21="X",P$4,""),IF(Q21="X",Q$4,""))))) | S21: =IF(B21="","",IF(B21>B20+1,"Level skips a step",IF(AND(B21>0,OR(H21="",H21<=0)),"Qty missing or 0",IF(AND(J21="Existing",K21=""),"Existing ID missing",IF(AND(B21=Model!$B$8+1,COUNTIF(L21:Q21,"X")=0),"Not in any variant",IF(AND(NOT(B21=Model!$B$8+1),COUNTIF(L21:Q21,"X")>0),"X outside configured item","OK"))))))
... A300: =IF(B300="","",ROW()-4) | R300: =IF(B300="","",IF(COUNTIF(L300:Q300,"X")=0,"",IF(COUNTIF(L300:Q300,"X")=COUNTA(Model!$B$12:$B$17),"ALL",_xlfn.TEXTJOIN(", ",TRUE(),IF(L300="X",L$4,""),IF(M300="X",M$4,""),IF(N300="X",N$4,""),IF(O300="X",O$4,""),IF(P300="X",P$4,""),IF(Q300="X",Q$4,""))))) | S300: =IF(B300="","",IF(B300>B299+1,"Level skips a step",IF(AND(B300>0,OR(H300="",H300<=0)),"Qty missing or 0",IF(AND(J300="Existing",K300=""),"Existing ID missing",IF(AND(B300=Model!$B$8+1,COUNTIF(L300:Q300,"X")=0),"Not in any variant",IF(AND(NOT(B300=Model!$B$8+1),COUNTIF(L300:Q300,"X")>0),"X outside configured item","OK"))))))

Sheet Lists
A1: CreateAssembly | B1: New | C1: Each
A2: Provide | B2: Existing | C2: g
A3: CreateMaterial | C3: kg
A4: CreateKit | C4: mm
C5: m
C6: ml
C7: l
C8: in
